date,next_date,n,gap_up_ratio,gap_up_mean,gap_dn_ratio,gap_dn_mean,flat_ratio,open_mean_all,under_ratio,under_close_mean,under_high_mean,close_mean_all
2025-07-21,2025-07-22,114,79.82456140350878,6.734169993184241,12.280701754385964,-1.3780482064520634,7.894736842105263,5.2062876709599735,2.631578947368421,-5.213119337094356,-1.3830572902525133,6.573376543499118
2025-07-22,2025-07-23,96,88.54166666666666,6.855378354505865,10.416666666666668,-2.146136632893596,1.0416666666666665,5.846310352125652,6.25,-8.846288268769404,-1.575540367279286,0.541082412455414
2025-07-23,2025-07-24,47,53.191489361702125,6.315696846181042,42.5531914893617,-2.8032317366267705,4.25531914893617,2.166548647276396,17.02127659574468,-7.019440912687337,-1.259927055051692,3.356923768283287
2025-07-24,2025-07-25,71,64.7887323943662,4.217378337109574,30.985915492957744,-1.739387054583493,4.225352112676056,2.193420962059205,14.084507042253522,-8.865498556206653,-1.6928366704787259,-1.1949746101029626
2025-07-25,2025-07-28,45,46.666666666666664,3.5175309116934166,40.0,-2.201160372948088,13.333333333333334,0.7610502762776924,17.77777777777778,-4.7092868673385855,-1.1513787445648251,0.8608693054511717
2025-07-28,2025-07-29,52,55.769230769230774,4.405776870234208,34.61538461538461,-1.8599871286095384,9.615384615384617,1.8132261715734677,13.461538461538462,-6.016483103925602,-1.5369147988418674,1.287838613343048
2025-07-29,2025-07-30,40,67.5,4.088633665530802,25.0,-1.568420049228505,7.5,2.3677227119261652,5.0,-4.416179299201511,-1.1203641455328428,3.599458108379454
2025-07-30,2025-07-31,46,63.04347826086957,4.357742591297218,28.26086956521739,-1.7561253617034014,8.695652173913043,2.2509762053364155,10.869565217391305,-6.016122313231835,-0.8862643643868218,1.1707660818118937
2025-07-31,2025-08-01,41,60.97560975609756,5.156303501200354,29.268292682926827,-2.6612535126828947,9.75609756097561,2.365184033605223,9.75609756097561,-7.624386463165128,-1.8901398324326606,2.3938518372092332
2025-08-01,2025-08-04,38,78.94736842105263,4.3988237753358215,13.157894736842104,-1.61359806937029,7.894736842105263,3.2604400766637682,2.631578947368421,-0.9574116870254223,-0.5282271376692016,3.5539303528428614
2025-08-04,2025-08-05,51,78.43137254901961,4.817109671131147,19.607843137254903,-1.8944468350749724,1.9607843137254901,3.406665068519533,5.88235294117647,-4.439881580205148,-1.5152952381026024,3.369000079313988
2025-08-05,2025-08-06,51,66.66666666666666,3.5342583803779646,19.607843137254903,-2.2969894279442316,13.725490196078432,1.905782169674676,3.9215686274509802,-11.673804103143738,-2.896699013473414,3.016931724033017
2025-08-06,2025-08-07,59,77.96610169491525,4.892668031427715,13.559322033898304,-1.3760370038221517,8.47457627118644,3.6280412443236894,1.694915254237288,-2.2321428571428714,-1.7857142857142905,3.0730942782807045
2025-08-07,2025-08-08,57,57.89473684210527,3.767660691650528,29.82456140350877,-1.8187271956546986,12.280701754385964,1.6388498333041677,10.526315789473683,-3.6812839373828328,-1.1412680068414855,0.28536356232495563
2025-08-08,2025-08-11,57,68.42105263157895,5.418966930398476,26.31578947368421,-2.6639451996635217,5.263157894736842,3.00667600509803,14.035087719298245,-3.8858012893303777,-1.8727325618925499,3.773793861363251
2025-08-11,2025-08-12,76,67.10526315789474,3.8035715651323776,18.421052631578945,-1.5487891133711922,14.473684210526317,2.267093450454665,2.631578947368421,-7.616473207187158,-1.2816027985371292,2.365407927965963
2025-08-12,2025-08-13,49,79.59183673469387,5.429406202977195,12.244897959183673,-0.9322464578010744,8.16326530612245,4.207211493251106,0.0,,,5.830579222810722
2025-08-13,2025-08-14,87,72.41379310344827,3.9188337645820406,21.839080459770116,-2.05178028255071,5.747126436781609,2.3896862275885637,8.045977011494253,-7.758537477343586,-1.8786823192842497,0.3945892536028291
2025-08-14,2025-08-15,41,60.97560975609756,4.511380477137436,34.146341463414636,-2.6567392393562246,4.878048780487805,1.8436625018889943,2.4390243902439024,-5.125169147496611,-2.0297699594045926,4.939994808470669
2025-08-15,2025-08-18,76,96.05263157894737,4.99166305394167,2.631578947368421,-0.9638920239450066,1.3157894736842104,4.769258143287525,1.3157894736842104,-3.5629453681710332,-1.187648456057,4.880872624031876
2025-08-18,2025-08-19,94,78.72340425531915,4.08345280691581,14.893617021276595,-2.062197444693271,6.382978723404255,2.907497271128342,6.382978723404255,-7.0742949016472245,-1.3462551637299185,3.7857429669634906
2025-08-19,2025-08-20,82,58.536585365853654,3.722723266321605,37.80487804878049,-2.1615418899911805,3.6585365853658534,1.3619868072403714,9.75609756097561,-8.126625197302747,-2.0809991860353456,0.9464749507788074
2025-08-20,2025-08-21,83,69.87951807228916,3.3439286989698505,27.710843373493976,-1.7478820806345852,2.4096385542168677,1.8523683938030824,18.072289156626507,-6.35137145747431,-1.1547132809389105,-1.1373329220395128
2025-08-21,2025-08-22,41,48.78048780487805,5.420954594363025,43.90243902439025,-1.669366249396496,7.317073170731707,1.9114755950761844,4.878048780487805,-3.148318208714157,-0.4919649178930674,2.3197113090637007
2025-08-22,2025-08-25,63,88.88888888888889,4.857410210806669,6.349206349206349,-1.3811525865250225,4.761904761904762,4.230005737445608,0.0,,,3.44750131261182
2025-08-25,2025-08-26,74,66.21621621621621,3.0071896146352186,22.972972972972975,-2.2869790201254987,10.81081081081081,1.4658601050674624,5.405405405405405,-6.936965417046806,-1.9262655201191774,2.0587291457063555
2025-08-26,2025-08-27,69,71.01449275362319,3.162302104845132,24.637681159420293,-2.4853306992741317,4.3478260869565215,1.6333649456485688,11.594202898550725,-6.585208792138915,-1.5878488714851882,-0.08664563652184847
2025-08-27,2025-08-28,38,55.26315789473685,5.213115488832595,34.21052631578947,-2.2430535709340997,10.526315789473683,2.113571811666874,7.894736842105263,-4.219730350698437,-0.7643598809946287,4.366135627225815
2025-08-28,2025-08-29,56,85.71428571428571,4.384210881628645,12.5,-1.3739660347941576,1.7857142857142856,3.586149287046712,1.7857142857142856,-5.603448275862066,-1.7241379310344862,2.507945322098339
2025-08-29,2025-09-01,62,75.80645161290323,3.6560355132905844,19.35483870967742,-0.9426228711824228,4.838709677419355,2.5890676559752963,3.225806451612903,-3.3229166666666643,-0.8043981481481499,3.609837926784419
2025-09-01,2025-09-02,97,75.25773195876289,3.1046718335422847,16.49484536082474,-1.6409815087842263,8.24742268041237,2.065828244412775,3.0927835051546393,-5.337408540058057,-1.197425296664989,-0.22544560506963787
2025-09-02,2025-09-03,42,73.80952380952381,5.0250288198314195,11.904761904761903,-1.652833747165903,14.285714285714285,3.51218392092725,7.142857142857142,-7.0524415266758345,-0.7788261306304426,0.43704450360530606
2025-09-03,2025-09-04,30,63.33333333333333,5.303431448791815,33.33333333333333,-1.2988061238265614,3.3333333333333335,2.925904542959296,16.666666666666664,-8.174991201140907,-1.1168002184562331,0.0566041181253193
2025-09-04,2025-09-05,37,56.75675675675676,4.666110062352231,32.432432432432435,-2.7778414776387934,10.81081081081081,1.7474111777765224,13.513513513513514,-4.297809072746011,-1.5343253661971201,2.368016768344725
2025-09-05,2025-09-08,84,79.76190476190477,3.8840992898645545,19.047619047619047,-1.7342645774634873,1.1904761904761905,2.7676954664465403,8.333333333333332,-4.377330582841013,-0.9825675309354853,2.997989745685272
2025-09-08,2025-09-09,62,66.12903225806451,3.099226368888097,19.35483870967742,-1.8253326575018685,14.516129032258066,1.6961982134578961,8.064516129032258,-5.009827781645364,-1.6552098192685638,1.557731757031733
2025-09-09,2025-09-10,49,36.734693877551024,4.246310452857392,61.224489795918366,-2.086341220746685,2.0408163265306123,0.28251737814352057,12.244897959183673,-3.7156626469636964,-1.236735806499036,2.2806692082606137
2025-09-10,2025-09-11,45,68.88888888888889,4.078942741265913,24.444444444444443,-1.9204964521299575,6.666666666666667,2.340483644573639,2.2222222222222223,-2.887882219705562,-1.4439411098527644,3.156774577201308
2025-09-11,2025-09-12,81,69.1358024691358,3.265602939344286,24.691358024691358,-1.1754505741494004,6.172839506172839,1.9674660879048393,6.172839506172839,-3.9443678906341484,-0.7746121488345303,2.7725991954209426
2025-09-12,2025-09-15,62,69.35483870967742,3.4791403096196305,25.806451612903224,-1.4611487106238663,4.838709677419355,2.0358815152203587,8.064516129032258,-5.036350841965773,-1.0781068774060332,1.428591025204273
2025-09-15,2025-09-16,67,61.19402985074627,3.6410419532373153,23.88059701492537,-1.5006572325065735,14.925373134328357,1.8697343934720114,7.462686567164178,-4.1091682868219115,-1.286577308272463,2.414877622762963
2025-09-16,2025-09-17,69,76.81159420289855,3.9702897426893853,15.942028985507244,-1.928905333445684,7.246376811594203,2.7421361984729695,5.797101449275362,-7.1219502216624235,-1.494273680765004,2.9636115001487013
2025-09-17,2025-09-18,64,75.0,4.241364492078356,14.0625,-1.3245151505637862,10.9375,2.994763426010734,1.5625,-5.294506949040367,-0.33090668431501324,2.794171477646551
2025-09-18,2025-09-19,51,80.3921568627451,4.630029383674119,17.647058823529413,-2.1138340443083803,1.9607843137254901,3.349150947683597,7.8431372549019605,-10.067140927437523,-2.193161744632782,-1.0930975072253692
2025-09-19,2025-09-22,49,75.51020408163265,3.8903310737454393,22.448979591836736,-1.6897146589455787,2.0408163265306123,2.5582732342893855,12.244897959183673,-6.481240089469845,-1.0448826371260267,1.2724996395063473
2025-09-22,2025-09-23,62,74.19354838709677,4.70811404467267,19.35483870967742,-1.9182389054114486,6.451612903225806,3.12184482564525,6.451612903225806,-5.482394359167003,-1.2516928956310096,2.790512079039911
2025-09-23,2025-09-24,48,66.66666666666666,3.9736097616763817,31.25,-2.34178135231018,2.083333333333333,1.91726650185399,2.083333333333333,-9.975470155355692,-5.3965658217498,2.6541862922941846
2025-09-24,2025-09-25,74,70.27027027027027,3.1234457546745045,18.91891891891892,-2.5058918828276044,10.81081081081081,1.7207661200471323,9.45945945945946,-4.2624272882262675,-0.6084751158626072,0.21795128604626374
2025-09-25,2025-09-26,39,48.717948717948715,3.4627129016849225,43.58974358974359,-2.0349418421656287,7.6923076923076925,0.7999367644922523,20.51282051282051,-7.908655367680366,-1.6007834622330797,-1.1090239812300633
2025-09-26,2025-09-29,44,56.81818181818182,3.5421808448261185,34.090909090909086,-3.187403993942488,9.090909090909092,0.9259877548071738,13.636363636363635,-6.998372586831782,-1.8127090353103983,0.28451654449510844
2025-09-29,2025-09-30,50,66.0,4.050534438318669,30.0,-1.2045488909433013,4.0,2.3119880620073308,4.0,-6.584592881521212,-1.4759912552492205,2.229543559299258
2025-09-30,2025-10-09,49,69.38775510204081,4.958078303517245,26.53061224489796,-2.278529891173979,4.081632653061225,2.835791300700502,16.3265306122449,-6.122755680940442,-2.0310261241672554,1.420197888580618
2025-10-09,2025-10-10,82,67.07317073170732,3.7052685304426665,29.268292682926827,-1.8892582629523957,3.6585365853658534,1.9322874495547457,6.097560975609756,-6.456108288873759,-1.916583165321193,1.4023387464850965
2025-10-10,2025-10-13,56,26.785714285714285,5.27938432218596,71.42857142857143,-4.343618340975352,1.7857142857142856,-1.6884637286825839,23.214285714285715,-4.25942383770237,-1.9361645398980136,1.90452383582756
2025-10-13,2025-10-14,56,87.5,5.594138147144825,7.142857142857142,-2.0360560152060336,5.357142857142857,4.749438306237004,0.0,,,2.805920240597638
2025-10-14,2025-10-15,37,75.67567567567568,4.1744294545365035,21.62162162162162,-1.2166120176625106,2.7027027027027026,2.8959764482627572,13.513513513513514,-3.75244360741644,-0.8831824016633295,0.46919207295165044
2025-10-15,2025-10-16,64,64.0625,4.486354596364132,31.25,-1.7695752947319339,4.6875,2.321078633692043,12.5,-4.073841372443397,-1.1635651923160086,1.3614946932055008
2025-10-16,2025-10-17,39,51.28205128205128,4.862228442207307,46.15384615384615,-1.6182389839762077,2.564102564102564,1.7465709521172925,20.51282051282051,-5.686581784871284,-1.296657105485087,1.3273253654975825
2025-10-17,2025-10-20,36,61.111111111111114,3.609020911786581,30.555555555555557,-2.472879560148779,8.333333333333332,1.4499106916018945,11.11111111111111,-6.22806760470995,-2.7689429539489607,2.8520314887674707
2025-10-20,2025-10-21,75,61.33333333333333,3.902384543742157,33.33333333333333,-2.6495139696643566,5.333333333333334,1.5102911969404043,17.333333333333336,-4.662067016990312,-1.903604555329711,1.7471624922229136
2025-10-21,2025-10-22,73,63.013698630136986,4.691164116344431,31.506849315068493,-2.0952344835747825,5.47945205479452,2.295933646981148,17.80821917808219,-4.699875901679835,-1.7795664798935795,2.6481463691761755
2025-10-22,2025-10-23,55,58.18181818181818,3.197313413319408,30.909090909090907,-2.7936013403929763,10.909090909090908,0.9967782989007355,16.363636363636363,-7.941285612708547,-3.201672973876757,-1.1144804921611073
2025-10-23,2025-10-24,58,50.0,4.226530532272141,44.827586206896555,-2.424667500124138,5.172413793103448,1.026345352287319,31.03448275862069,-7.348369694968229,-1.976362425337746,-1.6253611713385612
2025-10-24,2025-10-27,54,74.07407407407408,3.9928159025224623,18.51851851851852,-1.448778667662357,7.4074074074074066,2.689349063412499,5.555555555555555,-4.375230198162606,-2.5233350901898786,2.539340123700698
2025-10-27,2025-10-28,50,74.0,3.8850263955249926,20.0,-2.155199134784358,6.0,2.443879705731623,4.0,-2.5219536340346735,-1.252160380265338,3.8160978275168675
2025-10-28,2025-10-29,57,66.66666666666666,4.512675584834355,28.07017543859649,-2.014026164986433,5.263157894736842,2.4431097119986416,12.280701754385964,-4.1746247358338575,-1.1299957967111427,1.1461884568770537
2025-10-29,2025-10-30,55,67.27272727272727,3.9325773074382906,29.09090909090909,-1.6518437517760318,3.6363636363636362,2.165015642669095,14.545454545454545,-5.29315456023214,-1.0887415353676488,1.245762447165611
2025-10-30,2025-10-31,46,50.0,3.9533611138860287,39.130434782608695,-2.3450533587907745,10.869565217391305,1.0590509817640155,19.565217391304348,-6.027106297347515,-1.8265423991281073,0.7468389375393067
2025-10-31,2025-11-03,55,76.36363636363637,4.042102092187459,20.0,-1.4197246080450656,3.6363636363636362,2.802751221515956,7.2727272727272725,-6.317749485272389,-2.1594955831852864,2.682332104681167
2025-11-03,2025-11-04,65,76.92307692307693,4.409311802247993,16.923076923076923,-1.7192101185328637,6.153846153846154,3.100835058592895,3.076923076923077,-3.6727655998368522,-1.0843671104172448,2.9244319594013755
2025-11-04,2025-11-05,50,48.0,4.918289896101055,46.0,-2.718793718170564,6.0,1.110134039770047,8.0,-5.706435252739922,-2.366334231181894,3.7633239271626415
2025-11-05,2025-11-06,64,73.4375,5.49077655280597,23.4375,-1.839235287080271,3.125,3.601218260557446,14.0625,-6.7045034835019655,-1.188942287893471,0.7636111238457985
2025-11-06,2025-11-07,60,61.66666666666667,2.990054518306808,35.0,-1.819996404102156,3.3333333333333335,1.2068682115201104,11.666666666666666,-4.467185219970144,-1.2089389565642317,2.765277830328287
2025-11-07,2025-11-10,52,88.46153846153845,5.516625650562968,9.615384615384617,-2.2397465042420572,1.9230769230769231,4.664731680859351,1.9230769230769231,-10.188087774294663,-1.0971786833855801,3.495972216475823
2025-11-10,2025-11-11,67,67.16417910447761,4.820601396589352,23.88059701492537,-1.2048772153699914,8.955223880597014,2.94998548359106,5.970149253731343,-3.4963652436543007,-1.0862325995049633,2.627052224562805
2025-11-11,2025-11-12,62,77.41935483870968,4.498292845661225,20.967741935483872,-1.4831209950117594,1.6129032258064515,3.1715723170417083,11.29032258064516,-6.09454164813861,-1.8919997165853242,2.5297029269946583
2025-11-12,2025-11-13,58,74.13793103448276,4.590323554683255,20.689655172413794,-2.9167100710424148,5.172413793103448,2.7997136551529476,6.896551724137931,-4.291623164845149,-1.674533859729757,3.8441246611936863
2025-11-13,2025-11-14,82,57.3170731707317,4.664386687291104,35.36585365853659,-1.943523802317236,7.317073170731707,1.9861461467741712,10.975609756097562,-7.002423725318408,-1.0791030930831336,1.685046108540477
2025-11-14,2025-11-17,69,63.76811594202898,6.362224953177619,33.33333333333333,-3.1936740157115477,2.898550724637681,2.9925129793978202,15.942028985507244,-7.038968401534112,-2.6920791072243464,2.7992728927767137
2025-11-17,2025-11-18,80,75.0,4.581234072332778,22.5,-2.0577816432066878,2.5,2.972924684528079,11.25,-7.7659507789046875,-1.7247404947180356,-0.20924389591126036
2025-11-18,2025-11-19,43,69.76744186046511,5.513528224302951,25.581395348837212,-3.434042188463134,4.651162790697675,2.968171689674281,6.976744186046512,-7.804842286059052,-2.48889843137751,2.8985373632958567
2025-11-19,2025-11-20,54,62.96296296296296,5.159886456573669,29.629629629629626,-2.2829825971717823,7.4074074074074066,2.5723781105325227,16.666666666666664,-6.939541847680589,-1.0357668684288077,-1.2971121563528056
2025-11-20,2025-11-21,41,43.90243902439025,4.26749090858689,51.21951219512195,-3.38324456567875,4.878048780487805,0.14065123110512828,19.51219512195122,-9.697097966250338,-3.3547605171261665,-0.8986911651244249
2025-11-21,2025-11-24,26,76.92307692307693,5.279175723413893,23.076923076923077,-2.1500961930236024,0.0,3.564728358082163,11.538461538461538,-10.018603860889733,-0.8813206303779464,4.228327398350573
2025-11-24,2025-11-25,60,56.666666666666664,3.536286402357408,35.0,-2.8512580052810512,8.333333333333332,1.0059553261541632,5.0,-10.029802519097146,-2.453316158615926,2.1223867793014657
2025-11-25,2025-11-26,72,72.22222222222221,4.327271627332031,22.22222222222222,-2.485178005510636,5.555555555555555,2.5729899518485477,5.555555555555555,-5.707013929694687,-1.0269389438717385,2.5689145620524805
2025-11-26,2025-11-27,64,56.25,4.521246152384518,35.9375,-2.4629952789922633,7.8125,1.658062032328447,20.3125,-7.040102961210146,-2.508741578467813,-1.3361560147455154
2025-11-27,2025-11-28,49,40.816326530612244,4.2493269166222545,53.06122448979592,-2.204161517299145,6.122448979591836,0.5648640588299455,22.448979591836736,-5.638996603488913,-1.7004568721674251,0.6617024481396326
2025-11-28,2025-12-01,68,72.05882352941177,3.95606013705605,17.647058823529413,-1.6697018937276542,10.294117647058822,2.556037117514921,4.411764705882353,-3.9499957602615896,-1.6594118851972484,3.034338966898271
2025-12-01,2025-12-02,62,62.903225806451616,4.302223471057614,30.64516129032258,-1.8766989079258904,6.451612903225806,2.1311199374299195,16.129032258064516,-4.476154761768004,-1.3586044346143156,2.4125425799776963
2025-12-02,2025-12-03,47,70.2127659574468,4.4903244066138805,19.148936170212767,-2.4468153590814925,10.638297872340425,2.684241855032439,6.382978723404255,-8.018576494657045,-2.6117969661347087,1.2919152924924673
2025-12-03,2025-12-04,47,57.446808510638306,5.167837855483082,31.914893617021278,-2.85028224618999,10.638297872340425,2.059093370323263,12.76595744680851,-8.493522636544716,-2.507017928849361,0.23440798609159455
2025-12-04,2025-12-05,38,63.1578947368421,4.323590668560584,23.684210526315788,-1.8539558631735003,13.157894736842104,2.2915940336024345,7.894736842105263,-6.06810660520332,-1.0846990094802427,1.4967719102481183
2025-12-05,2025-12-08,71,87.32394366197182,4.743832907734741,9.859154929577464,-2.2684170509604806,2.8169014084507045,3.918855224265219,1.4084507042253522,-0.7707129094412402,-0.06422607578676631,5.478440955508805
2025-12-08,2025-12-09,71,63.38028169014085,4.293316830155085,26.76056338028169,-2.4217019678826355,9.859154929577464,2.073055210805757,9.859154929577464,-7.064653948257009,-2.3767534876472127,2.0536064262148526
2025-12-09,2025-12-10,52,63.46153846153846,5.580978043368733,25.0,-2.4304307292632945,11.538461538461538,2.934166845206642,11.538461538461538,-5.7980349132228275,-1.723555070838443,1.4099243681618485
2025-12-10,2025-12-11,55,70.9090909090909,4.804401520018376,20.0,-2.2957382850069146,9.090909090909092,2.947609784466193,5.454545454545454,-9.622063582507474,-2.6956223395867194,-0.23119692440771034
2025-12-11,2025-12-12,30,50.0,4.314832772498016,30.0,-2.3611856946560597,20.0,1.44906067785219,6.666666666666667,-10.09004566739825,-3.110926335940595,3.363690006808939
2025-12-12,2025-12-15,75,54.666666666666664,4.659806683953895,36.0,-1.647382497523638,9.333333333333334,1.9543032881196196,12.0,-5.49552744688301,-1.640713034594913,1.3583130042650742
2025-12-15,2025-12-16,56,62.5,4.11653765134831,25.0,-2.302045890180412,12.5,1.9973245595475901,10.714285714285714,-6.384965910501731,-0.939626205949177,0.3985067964400647
2025-12-16,2025-12-17,40,60.0,3.8300898369807843,35.0,-3.0705634546681293,5.0,1.2233566930546251,15.0,-6.198261229688167,-1.4490837461895538,-0.055533402766137774
2025-12-17,2025-12-18,47,78.72340425531915,4.01226479653571,19.148936170212767,-1.234018159427756,2.127659574468085,2.92229008589301,2.127659574468085,-2.824519230769229,-0.8413461538461564,3.571249646419239
2025-12-18,2025-12-19,57,61.40350877192983,4.139397218844008,35.08771929824561,-2.694444524961562,3.508771929824561,1.5963160028124392,3.508771929824561,-5.938222868934145,-2.022026085346851,3.6584588806808425
2025-12-19,2025-12-22,69,76.81159420289855,4.329314439415749,18.84057971014493,-1.5954695429797474,4.3478260869565215,3.0248197279753333,5.797101449275362,-5.372040442321502,-1.562514285358757,2.1850363521091296
2025-12-22,2025-12-23,78,69.23076923076923,4.688554574523816,21.794871794871796,-0.8741725414002591,8.974358974358974,3.0553976130830987,2.564102564102564,-5.173364757360016,-0.40852258934799823,1.4870095347257015
2025-12-23,2025-12-24,52,53.84615384615385,5.422200824072346,40.38461538461539,-1.9332030280359978,5.769230769230769,2.1389299901013406,15.384615384615385,-4.93856683203826,-1.5779982906170344,2.7642703305716414
2025-12-24,2025-12-25,73,69.86301369863014,4.921900756495282,23.28767123287671,-1.3369392326978797,6.8493150684931505,3.127246186649253,4.10958904109589,-3.559473853480625,-0.46195036452092814,3.339820084760252
2025-12-25,2025-12-26,78,61.53846153846154,5.144285615727333,32.05128205128205,-1.5363022724305717,6.41025641025641,2.6733096505659963,12.82051282051282,-3.957971545411707,-1.1460378126161275,2.7644895819887245
2025-12-26,2025-12-29,80,55.00000000000001,4.209690444332026,38.75,-2.6853595753353043,6.25,1.2747529089401837,20.0,-7.8453546410831505,-2.0883024039760048,0.3453088144469684
2025-12-29,2025-12-30,67,61.19402985074627,3.9598421897311233,34.32835820895522,-2.394504231951071,4.477611940298507,1.6011930215537524,16.417910447761194,-6.561207258936813,-1.8895031393081423,1.094405529445848
2025-12-30,2025-12-31,51,62.745098039215684,4.200086321641542,33.33333333333333,-1.9577485415954523,3.9215686274509802,1.9827654330471887,15.686274509803921,-4.647565644745789,-1.1290616984080653,1.4986329120508013
2025-12-31,2026-01-05,56,57.14285714285714,5.839272882830742,28.57142857142857,-2.454053665093288,14.285714285714285,2.635569171590913,10.714285714285714,-7.888224347128649,-1.5761712134432802,2.331630616478727
2026-01-05,2026-01-06,94,81.91489361702128,5.249457069201458,11.702127659574469,-1.167805042677035,6.382978723404255,4.1634291367985625,4.25531914893617,-4.9513446694274545,-0.47855430797509313,5.907569100811589
2026-01-06,2026-01-07,111,65.76576576576578,4.535535152083982,30.630630630630627,-2.2381105752551154,3.6036036036036037,2.297282040932043,11.711711711711711,-6.6084623300400125,-1.7963549936595564,1.4585719249969267
2026-01-07,2026-01-08,72,72.22222222222221,5.2446147319240985,19.444444444444446,-1.0266696695508337,8.333333333333332,3.588147092865854,2.7777777777777777,-2.92305417465879,-0.5146353028252837,4.180398494954611
2026-01-08,2026-01-09,88,67.04545454545455,6.177953955125163,23.863636363636363,-2.090306714811333,9.090909090909092,3.643214117515303,7.954545454545454,-6.4825711460170306,-1.4948991559924654,3.0584088657797364
2026-01-09,2026-01-12,89,91.01123595505618,6.387848911430669,4.49438202247191,-1.917709587487082,4.49438202247191,5.727471050291414,1.1235955056179776,-3.0557421087978542,-0.9066487575554061,6.770943630738601
2026-01-12,2026-01-13,158,86.07594936708861,6.066145562455771,10.126582278481013,-1.9482521936461334,3.79746835443038,5.024201021491435,5.063291139240507,-9.058725485020581,-1.7781835142904823,1.050230791015091
2026-01-13,2026-01-14,63,50.79365079365079,4.566424944424992,46.03174603174603,-2.7498581580385864,3.1746031746031744,1.0536462164838214,7.936507936507936,-5.099604292178324,-1.4492797918748312,4.820804096741323
2026-01-14,2026-01-15,95,53.68421052631579,4.485958908705284,43.15789473684211,-4.584296569329311,3.1578947368421053,0.42976573685755454,30.526315789473685,-10.492290989059898,-3.64104936934497,-1.930055272046582
2026-01-15,2026-01-16,55,63.63636363636363,4.909048276094438,30.909090909090907,-4.950490504298333,5.454545454545454,1.5937882016406124,21.818181818181817,-9.19761580993948,-3.876302950940135,-0.4617859330337736
2026-01-16,2026-01-19,55,69.0909090909091,3.7209375513499996,25.454545454545453,-1.9557646085891882,5.454545454545454,2.0729985896554792,3.6363636363636362,-4.979806191047631,-1.4475670653814887,3.1694362810556185
2026-01-19,2026-01-20,86,65.11627906976744,3.4480599489131087,26.744186046511626,-1.6685848229071978,8.13953488372093,1.7989989094449828,4.651162790697675,-4.902485274072507,-1.2147696689391392,2.32919822322564
2026-01-20,2026-01-21,51,62.745098039215684,4.365210735748287,27.450980392156865,-2.162323691652373,9.803921568627452,2.145376703153176,15.686274509803921,-4.908305947559132,-1.001424070466138,1.4596775266988826
2026-01-21,2026-01-22,77,62.33766233766234,3.9175518626673576,32.467532467532465,-1.9461306760429984,5.194805194805195,1.8102496429475095,7.792207792207792,-4.1758764255083936,-0.8723886088913982,2.2958720086149746
2026-01-22,2026-01-23,69,66.66666666666666,4.012269391647821,26.08695652173913,-1.786839151226467,7.246376811594203,2.2087143086046863,11.594202898550725,-3.53482712416969,-0.6063027107839541,2.2221712425380056
2026-01-23,2026-01-26,94,72.3404255319149,4.5508748855301775,24.46808510638298,-1.754782579770739,3.1914893617021276,2.862760562567288,8.51063829787234,-8.40970187045033,-1.8521342638521914,0.025852257358619266
2026-01-26,2026-01-27,66,43.93939393939394,3.1887714613617115,50.0,-2.7576918301717717,6.0606060606060606,0.022280939148805655,9.090909090909092,-5.6127239496216275,-1.8777712597736993,3.110538138328892
2026-01-27,2026-01-28,51,70.58823529411765,3.8665754966515116,27.450980392156865,-1.4879799775564824,1.9607843137254901,2.3208823175228166,3.9215686274509802,-6.671619226358039,-2.312497827824689,2.3889757332715544
2026-01-28,2026-01-29,79,74.68354430379746,5.314435666779676,16.455696202531644,-1.7183647458533453,8.860759493670885,3.6862400334671834,3.79746835443038,-8.0709577230795,-0.48024042916202286,3.257565665050611
2026-01-29,2026-01-30,82,41.46341463414634,3.1528920809013017,45.1219512195122,-2.898647354197341,13.414634146341465,-0.0006295287153335375,21.951219512195124,-6.910053157049058,-2.9959696849566804,-1.165059203763063
2026-01-30,2026-02-02,45,55.55555555555556,4.417672423893117,37.77777777777778,-2.7858501600116257,6.666666666666667,1.4018301750473394,17.77777777777778,-6.86705122961633,-1.8663043046666563,0.9002661790175261
2026-02-02,2026-02-03,35,51.42857142857142,4.654852684071411,45.714285714285715,-1.6676641657071458,2.857142857142857,1.6315634760563162,0.0,,,4.776615243405637
2026-02-03,2026-02-04,67,82.08955223880598,3.9605410520912647,10.44776119402985,-0.6369836714824368,7.462686567164178,3.1846398830543654,0.0,,,3.5006582219857916
2026-02-04,2026-02-05,66,40.909090909090914,3.5570767930377762,50.0,-2.1935454158638703,9.090909090909092,0.3583950710380641,28.78787878787879,-5.014117241859505,-1.3209963478315772,0.6446974947833004
2026-02-05,2026-02-06,44,43.18181818181818,4.53839775908102,52.27272727272727,-2.1402290612731294,4.545454545454546,0.8410065684831232,29.545454545454547,-5.824139451977387,-1.19512687743734,-0.09342628081484432
2026-02-06,2026-02-09,55,74.54545454545455,4.127276744222523,25.454545454545453,-1.2278351069280062,0.0,2.764157363929661,1.8181818181818181,-7.500000000000007,-2.5000000000000133,3.3926891419273084
2026-02-09,2026-02-10,80,77.5,5.246245282800372,18.75,-1.4279001442719141,3.75,3.798108817119304,5.0,-5.667479658923155,-1.3619817303502646,3.3775641223414707
2026-02-10,2026-02-11,60,46.666666666666664,5.925341019443181,48.333333333333336,-2.263000578558846,5.0,1.671375529436709,23.333333333333332,-7.427502241553845,-1.557625740432883,-0.2208203312034986
2026-02-11,2026-02-12,50,44.0,5.472723321364168,52.0,-2.509038527596599,4.0,1.1032982270500025,16.0,-7.816317890732279,-2.2303079355015534,2.6832102860188645
2026-02-12,2026-02-13,58,32.758620689655174,3.126934806209995,60.3448275862069,-1.4907530553425485,6.896551724137931,0.12474835139656396,20.689655172413794,-7.441239685047307,-1.0595803186677957,-1.594026829128927
2026-02-13,2026-02-24,32,59.375,4.6797051284286315,31.25,-2.029095151884861,9.375,2.144482685040481,9.375,-5.676492902346286,-2.2335816811820215,2.5964155256305297
2026-02-24,2026-02-25,91,72.52747252747253,2.8434062608894415,19.78021978021978,-0.9353792256270003,7.6923076923076925,1.8772306281034847,1.098901098901099,-3.7540453074433655,-0.06472491909385036,3.630610410638693
2026-02-25,2026-02-26,73,57.534246575342465,3.329893059627828,26.027397260273972,-1.276047051761966,16.43835616438356,1.5837070482313895,9.58904109589041,-4.9269361487153605,-1.0824126457504126,1.3826611664489477
2026-02-26,2026-02-27,58,43.103448275862064,3.175848906060784,43.103448275862064,-2.086425462655492,13.793103448275861,0.46957907043331554,18.96551724137931,-3.3415007843274527,-1.3416425257817186,2.466346420644128
2026-02-27,2026-03-02,72,55.55555555555556,4.368486782716123,36.11111111111111,-1.7219554822608423,8.333333333333332,1.8051198440258753,8.333333333333332,-3.9394825785734704,-1.4732081254858382,2.8594383425634247
2026-03-02,2026-03-03,86,75.5813953488372,5.589750390583911,19.767441860465116,-2.0279452469404573,4.651162790697675,3.823938444069377,4.651162790697675,-7.910208491022036,-1.4417592306801201,3.843849628276395
2026-03-03,2026-03-04,76,44.73684210526316,4.711136472042901,48.68421052631579,-3.6017657397636103,6.578947368421052,0.35412246945006665,35.526315789473685,-8.15010518119926,-2.3702066470370724,-3.0283792362119457
2026-03-04,2026-03-05,42,80.95238095238095,5.7687311691536385,19.047619047619047,-3.473856948117725,0.0,4.008238194435283,2.380952380952381,-8.234019501625134,-2.3835319609967542,2.3606122309362743
2026-03-05,2026-03-06,65,30.76923076923077,4.7198131231673965,64.61538461538461,-2.0169762056431306,4.615384615384616,0.14897325886671448,21.53846153846154,-4.3134322086776935,-2.0771930747128393,1.4274426803237756
2026-03-06,2026-03-09,73,43.83561643835616,4.194383672843547,49.31506849315068,-2.9683087720726036,6.8493150684931505,0.3748104347449283,24.65753424657534,-3.743227020825665,-1.224132317648803,1.484973600842859
2026-03-09,2026-03-10,39,76.92307692307693,4.782487654778221,15.384615384615385,-2.643130757822289,7.6923076923076925,3.2722011563182787,5.128205128205128,-7.689937554776504,-3.431520230791696,2.928077996020618
2026-03-10,2026-03-11,52,84.61538461538461,3.48557016770951,15.384615384615385,-1.104723121319813,0.0,2.779371200166537,3.8461538461538463,-1.8852706483144244,-0.8923903130380328,2.5825087049784963
2026-03-11,2026-03-12,53,58.490566037735846,3.888005293347217,33.9622641509434,-1.8272871430552218,7.547169811320755,1.653528217335278,11.320754716981133,-4.8432774798887985,-1.1314638627610878,2.068293614700342
2026-03-12,2026-03-13,51,62.745098039215684,3.749275515810513,17.647058823529413,-1.689917401357309,19.607843137254903,2.054265880269032,3.9215686274509802,-7.384578196760932,-1.0719803260081262,0.6144798738189752
2026-03-13,2026-03-16,59,44.06779661016949,3.344231506452926,45.76271186440678,-2.124749861071256,10.16949152542373,0.5013859816754602,25.423728813559322,-6.049638506767028,-1.5923521419246613,-1.6343579406346977
2026-03-16,2026-03-17,44,59.09090909090909,2.7970167051574437,38.63636363636363,-1.7000267659464325,2.272727272727273,0.9959540752955495,6.8181818181818175,-4.55028957169572,-0.6881227790836331,1.7253317366232992
2026-03-17,2026-03-18,38,47.368421052631575,3.2353874129234974,39.473684210526315,-1.2321578897760852,13.157894736842104,1.0461738180521494,10.526315789473683,-2.772844946627717,-0.7887838040351619,0.7982508797487051
2026-03-18,2026-03-19,56,50.0,3.1632237066792896,44.642857142857146,-1.2862977341186377,5.357142857142857,1.007371793465253,5.357142857142857,-5.377629075875379,-0.682176080358432,0.9854580853437589
2026-03-19,2026-03-20,28,50.0,4.695577823519609,46.42857142857143,-1.5452114024728185,3.571428571428571,1.630369332040282,14.285714285714285,-7.556738008589756,-1.4688850983186592,0.14372900377489492
2026-03-20,2026-03-23,28,39.285714285714285,5.083811859748341,57.14285714285714,-2.3908204609108563,3.571428571428571,0.6310286815235017,17.857142857142858,-9.02321788922993,-1.1467456967557688,-1.5167021592205052
2026-03-23,2026-03-24,28,67.85714285714286,4.593034848716758,25.0,-0.8903113129759254,7.142857142857142,2.8941243905281047,3.571428571428571,-3.4753070290044596,-0.18291089626338852,3.918415571458102
2026-03-24,2026-03-25,82,84.14634146341463,3.6053089741626736,7.317073170731707,-0.6054460996062105,8.536585365853659,2.989434666092527,0.0,,,5.099849825315015
2026-03-25,2026-03-26,83,62.65060240963856,3.193282723796696,27.710843373493976,-1.6744323985110614,9.63855421686747,1.5366115237551057,6.024096385542169,-5.716632510547526,-0.8194463806377428,0.3982103429810789
2026-03-26,2026-03-27,38,34.21052631578947,5.191343285488864,57.89473684210527,-2.325477478815345,7.894736842105263,0.4296567941425697,18.421052631578945,-4.639663193695881,-1.4822133858647786,2.0816098517256223
2026-03-27,2026-03-30,77,55.84415584415584,3.0168956182493543,36.36363636363637,-1.8622662942938886,7.792207792207792,1.0075721473310826,9.090909090909092,-5.468931869085454,-1.2276022894437948,1.8978322206801785
2026-03-30,2026-03-31,59,59.32203389830508,3.333091369255086,30.508474576271187,-1.6435483968800093,10.16949152542373,1.475836047120133,6.779661016949152,-4.31549778497233,-0.9980659042809176,1.4431516193546663
2026-03-31,2026-04-01,53,52.83018867924528,5.228597473088784,41.509433962264154,-1.4525511328776781,5.660377358490567,2.159332157041076,22.641509433962266,-6.667666703409657,-0.9315188124195535,-0.16750848526959441
2026-04-01,2026-04-02,55,67.27272727272727,3.4731779871923845,25.454545454545453,-0.9788453073602702,7.2727272727272725,2.087340931328626,16.363636363636363,-4.168986235022004,-0.76524032273666,1.0797961893736046
2026-04-02,2026-04-03,27,59.25925925925925,3.959071145053175,25.925925925925924,-2.663092212110647,14.814814814814813,1.6556849198546768,14.814814814814813,-6.447954119866983,-1.1954953432404798,0.16884284143274234
2026-04-03,2026-04-07,32,46.875,3.8730945328479636,46.875,-1.3628049314949053,6.25,1.176698250634246,15.625,-3.531963287664013,-0.7248526225500251,1.7289430825925851
2026-04-07,2026-04-08,92,54.347826086956516,3.657373024803837,33.69565217391305,-2.8824122355787156,11.956521739130435,1.016455129752735,14.130434782608695,-3.028595589944735,-1.2434473307696468,1.8134889760656443
2026-04-08,2026-04-09,118,51.69491525423729,3.1945489436670567,39.83050847457627,-1.530868611607554,8.47457627118644,1.0416666171028424,9.322033898305085,-3.7737689045144194,-1.469383096419778,1.770488432009903
2026-04-09,2026-04-10,53,50.943396226415096,4.586915202673942,37.735849056603776,-1.4973781332834928,11.320754716981133,1.7716820340854067,15.09433962264151,-4.600874656410568,-1.0222211803597085,1.7033520007150176
2026-04-10,2026-04-13,57,45.614035087719294,3.2421730448580703,50.877192982456144,-1.5080736285605996,3.508771929824561,0.7116204199658325,10.526315789473683,-3.6089815772783655,-0.6734865371669952,2.256373223813352
2026-04-13,2026-04-14,55,72.72727272727273,3.218871477574125,20.0,-1.1155889993127666,7.2727272727272725,2.1178796383731746,1.8181818181818181,-5.177111716621252,-1.3623978201634857,2.5098953378997897
2026-04-14,2026-04-15,54,74.07407407407408,4.305708321412733,16.666666666666664,-1.7218250693868176,9.25925925925926,2.902442726519037,7.4074074074074066,-9.026074364401085,-2.359450246934483,0.9005899586106326
2026-04-15,2026-04-16,55,49.09090909090909,3.593231450869929,38.18181818181819,-1.5660850284239378,12.727272727272727,1.1659902468470071,10.909090909090908,-4.689446003867945,-1.1849358363472284,2.0300580681165252
2026-04-16,2026-04-17,77,63.63636363636363,3.4754956451898544,27.27272727272727,-1.2867913752782263,9.090909090909092,1.8607359445903908,7.792207792207792,-5.623666857567,-1.3459087164365873,1.9749723924548082
2026-04-17,2026-04-20,65,78.46153846153847,4.062668241716603,15.384615384615385,-2.197455624397122,6.153846153846154,2.8495619089780853,6.153846153846154,-3.9376026506789175,-1.3953786645840989,3.2955220837463948
2026-04-20,2026-04-21,74,64.86486486486487,3.0364764428702506,24.324324324324326,-2.043098370094858,10.81081081081081,1.4726364675143864,12.162162162162163,-4.535116102621539,-1.43968788139036,0.4293382903743633
2026-04-21,2026-04-22,50,57.99999999999999,4.223115532838461,34.0,-1.3160250977412724,8.0,2.001958475814275,6.0,-4.038511690227579,-0.9366486828796742,1.8706694173141174
2026-04-22,2026-04-23,53,75.47169811320755,3.5277536223775114,16.9811320754717,-1.428743021733403,7.547169811320755,2.4198388245188647,1.8867924528301887,-6.9059011164274375,-1.1164274322169154,1.964931195078028
2026-04-23,2026-04-24,50,56.00000000000001,3.5746222409057355,36.0,-2.6068226015326985,8.0,1.0633323183554404,16.0,-7.301425944855401,-2.8854485281893325,0.05890689235116687
2026-04-24,2026-04-27,57,56.14035087719298,3.888970826055735,36.84210526315789,-2.703952617038542,7.017543859649122,1.1870887978241076,21.052631578947366,-5.918870755317113,-2.0383406140347846,1.1082118731690036
2026-04-27,2026-04-28,59,69.49152542372882,2.5207504117882427,20.33898305084746,-0.739598993278956,10.16949152542373,1.6012809993893302,5.084745762711865,-3.819538185640859,-0.16578289892621445,1.8067569626550686
2026-04-28,2026-04-29,57,36.84210526315789,3.193066594445234,54.385964912280706,-2.3606410562472355,8.771929824561402,-0.10746446070727002,17.543859649122805,-4.822809989803238,-1.9111201894515362,1.1844675767157713
2026-04-29,2026-04-30,98,80.61224489795919,3.14502229849696,12.244897959183673,-1.4233968031095083,7.142857142857142,2.360979591264752,0.0,,,2.3463347330798667
2026-04-30,2026-05-06,72,68.05555555555556,3.855184816247527,19.444444444444446,-1.0543709449586165,12.5,2.418650871759836,6.944444444444445,-3.474396155374424,-0.7552079390310906,3.0556061884006445
2026-05-06,2026-05-07,94,74.46808510638297,3.4705020539280143,17.02127659574468,-1.1998340775032659,8.51063829787234,2.38018934611605,3.1914893617021276,-2.324634448884255,-0.20059719434162293,3.828685200539001
2026-05-07,2026-05-08,97,68.04123711340206,3.1737565534322014,28.865979381443296,-1.643805092548917,3.0927835051546393,1.6849627828366556,3.0927835051546393,-7.846922222225271,-1.7037927974660974,2.9859488131152445
2026-05-08,2026-05-11,94,81.91489361702128,4.094700032522644,10.638297872340425,-1.560752017286826,7.446808510638298,3.188131726929525,5.319148936170213,-4.391708378076486,-0.5897046600396383,2.334472289869138
2026-05-11,2026-05-12,83,81.92771084337349,4.12606203951013,12.048192771084338,-0.6314166127854137,6.024096385542169,3.3043138862510206,1.2048192771084338,-5.007824726134579,-0.15649452269169695,2.165028343151802
2026-05-12,2026-05-13,57,59.64912280701754,4.166742174984534,29.82456140350877,-1.4837361693150422,10.526315789473683,2.042907352124885,1.7543859649122806,-11.431387041143138,-1.8723823601872525,4.340396759303747
2026-05-13,2026-05-14,106,82.0754716981132,4.089803980836713,16.037735849056602,-1.9292453727228267,1.8867924528301887,3.0473186320425087,7.547169811320755,-8.399964095356113,-1.049719214168944,-0.25717489155556583
2026-05-14,2026-05-15,51,49.01960784313725,3.171877637474006,47.05882352941176,-1.7010346283678162,3.9215686274509802,0.7543550952161289,17.647058823529413,-7.032553217272195,-1.4690149813266933,-1.3230993875068133
2026-05-15,2026-05-18,52,57.692307692307686,4.170593599657083,32.69230769230769,-1.6150299081570083,9.615384615384617,1.8781211452123723,9.615384615384617,-6.465346841803026,-1.9935820580949937,1.13596867189457
2026-05-18,2026-05-19,77,61.038961038961034,3.640601575947916,25.97402597402597,-1.6293657555624574,12.987012987012985,1.7989734929649726,5.194805194805195,-4.319640943747535,-1.3822317935062112,3.1432456480341844
2026-05-19,2026-05-20,84,63.095238095238095,3.406657773779162,32.142857142857146,-1.873302968165038,4.761904761904762,1.547305736545709,13.095238095238097,-4.931660261358964,-0.9619567505536568,-0.2867335571843532
2026-05-20,2026-05-21,58,74.13793103448276,3.7771061078236148,22.413793103448278,-1.7308570101964909,3.4482758620689653,2.4123176121355354,5.172413793103448,-8.12462295342319,-0.8072290604655641,-0.7381543606604446
2026-05-21,2026-05-22,32,50.0,4.893934073193279,46.875,-2.6233740529079457,3.125,1.2172604492960402,12.5,-8.442418772429116,-3.1201908953789297,3.544355213295166
2026-05-22,2026-05-25,111,85.58558558558559,4.257953728182923,9.00900900900901,-2.291582511667266,5.405405405405405,3.4377457573036496,0.9009009009009009,-3.586678052946213,-0.5123825789923209,3.997165673718117
2026-05-25,2026-05-26,99,66.66666666666666,3.0553277440477964,24.242424242424242,-1.7605879557439568,9.090909090909092,1.6100759613060567,8.080808080808081,-8.041735495662017,-2.297425471165451,1.6538261361585531
2026-05-26,2026-05-27,44,70.45454545454545,3.405864104346111,20.454545454545457,-2.841347480207309,9.090909090909092,1.8184013616559924,2.272727272727273,-9.994626544868346,-4.836109618484674,1.261446990172872
2026-05-27,2026-05-28,47,61.702127659574465,3.0849218338503226,29.78723404255319,-1.4001447522362631,8.51063829787234,1.4863980138372697,10.638297872340425,-5.384600418637919,-0.7063762784991345,0.8379543910795146
2026-05-28,2026-05-29,99,73.73737373737373,3.7139931152688175,18.181818181818183,-1.6401564031007787,8.080808080808081,2.4403907288768654,6.0606060606060606,-7.811736667352773,-1.6824039405381557,-0.769340823077138
2026-05-29,2026-06-01,48,50.0,3.8628620518835035,45.83333333333333,-1.7249055668233089,4.166666666666666,1.1408493078144017,4.166666666666666,-8.838817589515097,-0.673314086545862,2.587007393477235
2026-06-01,2026-06-02,118,66.94915254237289,3.0819029024624722,26.27118644067797,-1.4472963369478054,6.779661016949152,1.683085956348757,5.932203389830509,-6.288207618203777,-1.325845828220754,0.5777550974339548
2026-06-02,2026-06-03,63,63.49206349206349,4.160506441978316,33.33333333333333,-1.5513227524143915,3.1746031746031744,2.124483807594134,1.5873015873015872,-7.525823905558282,-0.04918839153958965,2.8362351999947983
2026-06-03,2026-06-04,64,56.25,2.917629734359215,34.375,-1.3279884521304262,9.375,1.1846706951572243,7.8125,-6.591779071050636,-1.5494493384009878,1.7647986665901476
2026-06-04,2026-06-05,73,49.31506849315068,3.219389620713189,42.465753424657535,-1.859327464069337,8.21917808219178,0.7980667802674705,16.43835616438356,-7.609389485730019,-1.0143627970877127,-0.5562336085133335
2026-06-05,2026-06-08,69,26.08695652173913,2.70619680858673,69.56521739130434,-2.4446645730058454,4.3478260869565215,-0.9946718398510065,17.391304347826086,-6.7977485702816205,-0.8097775001805473,1.239197999735468
2026-06-08,2026-06-09,52,67.3076923076923,3.714443075184106,26.923076923076923,-2.339347093937677,5.769230769230769,1.870281698390697,11.538461538461538,-7.260112322503019,-2.003648044112083,1.1041735580854486
2026-06-09,2026-06-10,117,60.68376068376068,3.0774444133451655,35.8974358974359,-1.5336318190644909,3.418803418803419,1.3169745038187872,9.401709401709402,-6.534653833602814,-1.0875090440332018,0.9777337373860452
2026-06-10,2026-06-11,66,51.515151515151516,3.322714918909934,39.39393939393939,-1.6908599952926184,9.090909090909092,1.0456052631110555,18.181818181818183,-7.3073818121287815,-1.3822249063075163,0.5780594791055896
2026-06-11,2026-06-12,64,70.3125,5.117264948745996,28.125,-2.3675495368521284,1.5625,2.9322036098473676,4.6875,-8.224753388687818,-0.8663226267340063,1.0367117482036137
2026-06-12,2026-06-15,86,67.44186046511628,2.8217508131103775,29.069767441860467,-2.5945194053688088,3.488372093023256,1.148820488676531,9.30232558139535,-5.225340519009173,-2.4152203381837962,2.362926550740137
2026-06-15,2026-06-16,138,83.33333333333334,3.539123667169276,12.318840579710146,-0.9415256142303104,4.3478260869565215,2.8332846832068945,2.1739130434782608,-5.9422698722334815,-1.2685551739424945,4.088827221423295
2026-06-16,2026-06-17,112,60.71428571428571,2.6719803429424935,33.035714285714285,-1.4336311681004532,6.25,1.1486634830390425,7.142857142857142,-3.087032262725903,-0.7547023621935794,2.344521346240213
2026-06-17,2026-06-18,78,55.12820512820513,2.7391240084833997,32.05128205128205,-1.8464796348995196,12.82051282051282,0.9182095063115153,15.384615384615385,-6.2959773065867815,-1.2282535728053074,0.026359367398955884
2026-06-18,2026-06-22,84,69.04761904761905,5.525513455170373,25.0,-1.4395576534604,5.952380952380952,3.455346067585872,4.761904761904762,-4.3976148546901985,-1.3028153312562463,4.236657352596726
2026-06-22,2026-06-23,130,76.15384615384615,4.125539490222263,20.76923076923077,-1.1667240555576754,3.076923076923077,2.899437384861129,1.5384615384615385,-5.868779440938548,-0.3214252399560913,1.1324280543658765
2026-06-23,2026-06-24,93,47.31182795698925,2.5325349069055423,44.086021505376344,-1.8095966514359407,8.60215053763441,0.4004093891932291,11.827956989247312,-5.675403776621806,-1.453611816619577,0.7310210130047167
2026-06-24,2026-06-25,94,72.3404255319149,3.971540948075531,24.46808510638298,-1.5432596207884495,3.1914893617021276,2.495423544585125,5.319148936170213,-7.335078288096109,-1.114882475698531,2.2805503203995814
2026-06-25,2026-06-26,80,66.25,2.676487238551221,30.0,-1.4936054245941346,3.75,1.3250911681619435,2.5,-8.793112041467305,-1.3830741626794263,0.025876459380761753
2026-06-26,2026-06-29,55,67.27272727272727,3.5694873223675314,27.27272727272727,-1.6756582779390974,5.454545454545454,1.9442937592456762,3.6363636363636362,-13.543905797200306,-1.9354187657246669,0.6411297653812359
2026-06-29,2026-06-30,96,65.625,2.9987130419341277,28.125,-1.270626093836255,6.25,1.6105418448778244,4.166666666666666,-3.321067794095939,-0.6584302295797873,2.9991940049931007
2026-06-30,2026-07-01,129,78.29457364341084,3.058811156137698,14.728682170542637,-1.161981301614464,6.976744186046512,2.2237386204591676,0.7751937984496124,-6.122448979591832,-0.9419152276295195,3.0206002556283083
2026-07-01,2026-07-02,143,55.24475524475524,2.7442929705467565,37.76223776223776,-1.7684369827276833,6.993006993006993,0.8482765566846074,6.293706293706294,-7.814281458191227,-1.934710445857087,-0.18816000925615997
2026-07-02,2026-07-03,90,45.55555555555556,3.820580314399229,47.77777777777778,-2.065886135176688,6.666666666666667,0.7534521008641198,18.88888888888889,-8.914795843408982,-1.4988834809453462,-0.0036136942470565933
2026-07-03,2026-07-06,103,51.45631067961165,2.9327020947880422,37.86407766990291,-1.4654621862194623,10.679611650485436,0.9541765607884195,6.796116504854369,-7.301331408462248,-1.2496624470187305,-0.879392992176763
2026-07-06,2026-07-07,61,54.09836065573771,2.8280503087476947,40.98360655737705,-1.7141849232909205,4.918032786885246,0.827394050924605,16.39344262295082,-6.894905920587227,-1.222683575633099,-2.1981959316948516
2026-07-07,2026-07-08,32,65.625,3.9060354889006597,31.25,-1.9813445836057784,3.125,1.944165607214252,6.25,-7.6948217600789075,-0.9609151659202009,1.7849574843472482
2026-07-08,2026-07-09,46,45.65217391304348,3.3978028964929,45.65217391304348,-2.62619150913741,8.695652173913043,0.35225737248837574,15.217391304347828,-6.747099262761695,-1.2098438536203833,1.366234920843992
2026-07-09,2026-07-10,66,84.84848484848484,4.013985698133608,12.121212121212121,-1.982644624988371,3.0303030303030303,3.165485486296592,0.0,,,0.06200407228918892
2026-07-10,2026-07-13,85,45.88235294117647,3.348693967561235,50.588235294117645,-2.02236383272546,3.5294117647058822,0.51338141091404,23.52941176470588,-9.090490113712358,-1.6362914484803226,-3.083070013052392
2026-07-13,2026-07-14,27,48.148148148148145,3.830051889342237,51.85185185185185,-1.8661037140061136,0.0,0.876489724643092,22.22222222222222,-6.082434712809346,-1.3417162915966323,2.6711105074341828
2026-07-14,2026-07-15,77,71.42857142857143,3.467695027037277,23.376623376623375,-1.9049318081827182,5.194805194805195,2.0316162849319648,1.2987012987012987,-6.001936108422068,-1.9361084220716251,1.4113283111838877
2026-07-15,2026-07-16,69,50.72463768115942,2.97013984726133,36.231884057971016,-2.522042680160704,13.043478260869565,0.5928090963786805,5.797101449275362,-6.4943264974661075,-3.1966567613268024,2.048443149119864
2026-07-16,2026-07-17,40,62.5,3.5802459413405563,32.5,-2.198632535210602,5.0,1.523098139394402,7.5,-11.149354731310032,-2.842472693195726,-1.2815648267309157
2026-07-17,2026-07-20,32,46.875,6.688973556667574,34.375,-4.438763894541608,18.75,1.6096312659392475,15.625,-8.413804584054677,-2.376015488863197,0.7885133223051444
2026-07-20,2026-07-21,52,59.61538461538461,2.9275499133914518,30.76923076923077,-1.759832249405452,9.615384615384617,1.2037832947047649,11.538461538461538,-4.649975960058874,-1.7867940400270268,1.5191015023120369
2026-07-21,2026-07-22,99,62.62626262626263,3.369489389885856,33.33333333333333,-1.4347973629655826,4.040404040404041,1.631919486818776,2.0202020202020203,-3.6167389931697325,-1.040119644334997,1.967828349314177
2026-07-22,2026-07-23,34,76.47058823529412,4.409935450551311,14.705882352941178,-1.295518605558963,8.823529411764707,3.1817861378393903,0.0,,,3.828692869197265
2026-07-23,2026-07-24,113,55.75221238938053,4.253348717022244,38.05309734513274,-1.8889288030006182,6.1946902654867255,1.6525400941891577,13.274336283185843,-6.9233396548846695,-1.4258686480282108,-0.2188061173432559
2026-07-24,2026-07-27,38,31.57894736842105,5.3226401774748,55.26315789473685,-3.1082903923129144,13.157894736842104,-0.03690568707562094,15.789473684210526,-4.1999077221496295,-1.9608075772874007,2.9274679503066587
2026-07-27,2026-07-28,109,59.63302752293578,3.2242880635626006,33.94495412844037,-1.7984772316816684,6.422018348623854,1.3122483170582322,8.256880733944955,-8.22270359646321,-1.7823351682213482,0.5685610071030972
2026-07-28,2026-07-29,59,47.45762711864407,4.3552721856060455,47.45762711864407,-1.7534844217031993,5.084745762711865,1.23474673541152,25.423728813559322,-5.145034316495385,-1.1641698678394647,0.4882790390866733
2026-07-29,2026-07-30,78,51.28205128205128,3.2240904796607834,37.17948717948718,-2.3372960874627724,11.538461538461538,0.7843850339744994,8.974358974358974,-6.0474627408639074,-1.0021666710398962,-0.5580724756591318
2026-07-30,2026-07-31,50,34.0,4.672516505738175,62.0,-3.3721894619375345,4.0,-0.502101854450292,18.0,-2.180446892334041,-0.8469660397337653,2.8368616439655714
2026-07-31,2026-08-03,96,72.91666666666666,3.685270453300625,22.916666666666664,-1.461634802907105,4.166666666666666,2.352218396532161,7.291666666666667,-6.41646123830575,-1.0434614292847262,1.2570606997699287
2026-08-03,2026-08-04,75,88.0,4.182985337487617,9.333333333333334,-2.2851328932744046,2.666666666666667,3.4677480269501584,2.666666666666667,-1.9397482451978643,-0.6083263384548065,4.771980662057458
2026-08-04,2026-08-05,134,57.46268656716418,3.7375202850302474,35.07462686567165,-2.338708813388743,7.462686567164178,1.3273861770004338,0.7462686567164178,-4.169030062393642,-3.00623936471921,5.298709860599394
